fichier;octets;sha256;type_reel_attendu;reponse_depot_attendue;remarque
document_fr.docx;35811;42907040f89bc4b95e1b0b6e5f7a99d96d340b49bca0892ab771e4fec2d28fb0;application/vnd.openxmlformats-officedocument.wordprocessingml.document;201;"Témoin « zarkolinet-docx » ; prévisualisation via LibreOffice"
faux_pdf_executable.pdf;512;75bc9be4136444f9f039815f72d935e8b49127bf9c4a7bfb7fffbab5e23ab604;application/x-msdownload;415;Extension .pdf, en-tête MZ/PE : refus par type réel
faux_pdf_texte.pdf;151;c1e4b7c7dbc10044efb17166f08434fbff20d8408876b1e7db93200895392f40;text/plain;415;Extension .pdf, contenu texte : refus par type réel
image_scan_fr.png;171437;c1e0dd79317b16d3de4f0343cbbbbf2d9ca9a7d7d958444a01c36242f75e4ce7;image/png;201 (ou 202);Image 200 dpi, OCR fra
note_texte_brut.txt;93;5d399660691551e2eaeccfff86d1519a265600dad796669a8c309bf376cb47da;text/plain;201 si le type l'autorise;Format autorisé par défaut
pdf_texte_ar_courrier.pdf;47041;96ade52fb79f67a9f1ac85bdcf76db4c12c06a3e1118f5ade49b17403d693d8f;application/pdf;201 (ou 202);"Couche texte arabe (formes de présentation Unicode) ; témoin « زركولين »"
pdf_texte_fr_convention.pdf;3538;5058cc116526cfb422d9ea050776d92f71f245fca5ee65b8b6bf6424568ba629;application/pdf;201 (ou 202 si OCR en attente);"Couche texte native ; témoin « zarkolinet »"
pdf_texte_fr_facture.pdf;2628;fd26c0cb280697436210466e20d052d33b6d76fdb2b71b882169112a87c070d4;application/pdf;201 (ou 202);Couche texte native, montants et dates
scan_ar_courrier.pdf;840914;37bdb30dac4f6ed58d4e8ab7f110c172f75056dc49f9b6d235d958d5d2b97db2;application/pdf;202 EN_ATTENTE_OCR;"Images seules 300 dpi, arabe ; témoin « زركولين » après OCR ara"
scan_fr_courrier.pdf;1038723;af6876e5ff3375df46fa27e4c452ff15ccc9d1cb593d0c05a72b8bfe1450638a;application/pdf;202 EN_ATTENTE_OCR;"Images seules 300 dpi, aucune couche texte ; témoin « zarkolinet » après OCR fra"
tableau_decomptes.csv;128;fb11a4b854364e292804e5208a75249b6233817bc1d4b5a1f03dfccd5a29658f;text/csv;201 si le type l'autorise;Format autorisé par défaut
